;Xinjiang;Ninxia;Qinghai;Gansu;Shaanxi;Tibet;Yunnan;Guizhou;Sizhou;Cjongqing;Hainan;Guanxi;Guangdong;Hunan;Hubei;Henan;Shandong;Jiangxi;Fujian;Anhui;Zhejiang;Jiangsu;Shanghai;Heilongjiang;Jilin;Liaoning;Inner Mongolia;Shanxi;Hebei;Tianjin;Beijing
12.01.2019 0:00;0,4760532;0,8186184;0,4866804;1,914192;3,7164096;0,1032912;2,4832332;3,3269292;5,3372196;3,7332576;0,9521064;3,0589488;7,4842056;4,5718668;4,3625304;6,8486148;5,5296108;3,3102432;2,2123368;6,2702748;6,4232352;10,864692;6,2175276;1,9052496;1,8956916;2,6699868;2,5709076;2,7241596;11,229192;3,3329232;7,6650624
13.01.2019 0:00;0,474498;0,771444;0,4818204;1,80549;3,4259112;0,1101276;2,3986368;3,1539456;4,9785192;3,4071516;0,8912916;2,8999296;6,8675364;4,3089408;4,0424508;6,3472572;5,0164272;3,1815504;1,944972;5,6403864;5,3700732;9,0254736;5,8191372;1,7213148;1,7018424;2,343978;2,3325084;2,5871724;8,3296512;2,6684964;7,8045444
14.01.2019 0:00;0,493776;0,8204328;0,4967244;1,897182;3,6300636;0,1201392;2,4934716;3,4115256;5,2514568;3,633174;0,9252144;2,985822;7,0274952;4,455486;4,330746;6,4985976;5,3839404;3,255228;2,061126;5,8098708;5,8201092;9,8800884;7,683174;1,885842;1,7889012;2,5699032;2,5645248;2,8462428;8,2282392;3,2669568;11,0134404
15.01.2019 0:00;0,5003532;0,8046864;0,4606308;1,852146;3,5632872;0,1120068;2,514726;3,4553304;5,2536276;3,6859212;0,9470196;3,2299884;6,7208616;4,7193192;4,4622576;6,9948684;5,511564;3,4804404;2,0799828;5,9324076;5,597586;9,2033172;6,069654;1,8482256;1,7273412;2,4296436;2,5345224;2,8430028;7,9588656;2,9362824;8,2183572
16.01.2019 0:00;0,484866;0,8163828;0,5290272;2,0373768;3,635766;0,1133028;2,5847748;3,7571364;5,6608308;3,9114576;0,9827892;3,7212372;6,9290964;5,3448984;4,9666608;7,5010536;5,50719;3,893184;2,1664584;6,1447896;5,5107216;9,0147492;5,7759156;1,9651896;1,780704;2,63007;2,6202852;2,8791612;8,111016;2,876634;7,8952644
17.01.2019 0:00;0,485514;0,8146332;0,5090364;2,1592008;3,7918044;0,1032912;2,754648;4,1229324;6,040656;4,1341752;0,9878112;4,178304;6,5685492;5,588838;5,2898508;7,8447852;5,6206872;4,3442244;2,1916656;6,5117844;5,5833948;9,1715976;6,1183512;1,9909476;1,7967096;2,6778924;2,6105328;2,9201148;8,2386396;2,9273076;8,4018384
18.01.2019 0:00;0,4769928;0,8300556;0,4751784;2,1912768;3,8093328;0,1026756;2,7853308;4,1740272;6,2280576;4,471524;0,9717084;4,298994;6,745356;5,785182;5,4463428;8,0592084;5,6734344;4,61376;2,2646628;6,94089;5,8689684;9,801972;6,2400132;2,0175156;1,8305676;3,0213972;2,6070984;2,9119824;9,1025208;3,1072896;8,1269568
19.01.2019 0:00;0,4841856;0,8505972;0,4802328;2,2231584;3,9325824;0,11016;2,946942;4,4604756;6,8812092;4,8200832;1,00359;4,7115756;7,33131;6,6507804;5,9980824;8,7696108;6,104322;5,187726;2,5187436;7,9058592;6,688332;11,3179356;6,4196064;2,1284208;1,8946872;2,911626;2,671056;3,0685716;11,17638;3,4498224;7,9356672
20.01.2019 0:00;0,47709;0,8011872;0,4656204;2,2081248;3,800034;0,1064988;2,9495016;4,7408652;6,9910128;4,8335616;0,9905328;5,1180984;6,9283188;7,2177156;6,2281224;8,8540452;5,7490236;5,7932496;2,452194;7,9393608;5,6416176;9,4484232;6,1418088;2,0683188;1,9233936;2,6368092;2,6260524;2,9485296;9,0234;2,902878;8,11053
21.01.2019 0:00;0,4709988;0,8225388;0,4715496;2,1464352;4,0317264;0,106272;3,1054104;5,3202744;7,5463164;5,3168076;0,9906948;5,8335876;6,8190012;8,4012552;7,0511472;9,85446;6,025104;6,8024124;2,6876772;8,5978908;5,9034096;10,186074;7,3892088;2,2204044;1,9873188;2,7602532;2,6774064;3,0207816;8,6487912;3,0314736;10,4537304
22.01.2019 0:00;0,466398;0,8302824;0,4786452;2,2674816;4,1505696;0,0995652;3,403944;6,0829704;8,4436344;5,8463208;1,0102644;6,7419216;6,4200924;9,5647392;7,6079088;11,078694;6,154218;8,48151;2,7650484;9,6373476;5,9980176;9,949392;6,2027532;2,277396;1,9597788;2,7491724;2,7344304;3,1442904;8,9287596;2,9311632;8,3364876
23.01.2019 0:00;0,4702212;0,8369568;0,4706748;2,4069312;4,40316;0,1023516;3,507786;6,0942132;8,9491068;5,9148792;1,0607436;7,326288;6,6658788;10,333818;8,3211624;11,9472732;6,6561264;9,2771244;3,0388608;10,9974024;6,1902792;10,5071256;6,38361;2,4054084;2,0826072;2,8738476;2,7711396;3,2248368;9,4338756;3,052242;8,807454
24.01.2019 0:00;0,4697352;0,8624556;0,4797144;2,521368;4,585248;0,1013472;3,6700776;6,9030144;9,7655544;6,8800428;1,1322504;7,810992;6,9909804;11,7430884;9,4705524;13,4514432;7,0093512;10,1075364;3,2036796;12,4885152;6,1462152;11,0597076;6,5075076;2,5628724;2,1680784;3,0019248;2,77344;3,315978;9,6114924;3,1185648;9,0318564
25.01.2019 0:00;0,4415472;0,8638488;0,4785156;2,665548;4,8067992;0,1087668;3,9063708;7,3360404;10,7492832;7,4288664;1,1768328;9,2120652;7,2821916;13,3652268;10,4726844;15,17373;7,6002624;11,8354284;3,5730072;15,071508;6,4990836;11,879136;6,6069432;2,7089316;2,278854;3,1862808;2,8408644;3,5300124;10,7567352;3,2621292;8,493012
26.01.2019 0:00;0,372762;0,914814;0,4847688;2,9322;5,2384968;0,1056564;4,227876;7,7058216;12,3060708;8,1388152;1,2458448;12,6649332;7,860888;16,257186;11,5099056;17,7173892;8,604954;15,2441028;4,2687324;18,6550452;7,4464596;14,1958656;6,630822;2,9370276;2,4870888;3,4342704;2,9670624;3,9523788;13,8561516;3,5992836;8,2345248
27.01.2019 0:00;0,4948452;0,842886;0,4600476;2,9891268;5,2992792;0,111618;4,3407252;7,9605504;12,4501536;7,8586524;1,3186476;14,858964;7,4034972;18,4617144;12,1349988;19,5897528;8,7702264;17,3755368;4,4508528;21,2202504;6,6339648;12,9754224;6,1474788;3,0098304;2,4944112;3,3777;2,8936764;3,9514716;11,898738;3,0752784;8,0546076
28.01.2019 0:00;0,4993164;0,8491392;0,4648752;3,0241512;5,4928044;0,1005372;4,3672284;8,5806216;13,0945248;8,3414124;1,4002632;15,4224972;7,2497268;20,1175812;13,1100444;20,195244;8,9096436;16,6388256;4,691196;21,6608904;6,589998;12,8034432;7,255818;3,053052;2,48184;3,2460264;2,8206792;4,0234644;11,3239296;3,002346;9,7160148
29.01.2019 0:00;0,4730724;0,8184888;0,4273884;2,9502468;5,4570996;0,104976;4,2318288;8,1640548;13,426884;8,6806728;1,38267;13,6959012;6,92955;17,9809308;13,1679432;19,2789396;8,9632008;15,0530076;4,6894464;21,5334288;6,1292376;12,3178968;5,5640844;3,1224852;2,511972;3,2245452;2,861568;3,9852972;11,4039576;2,7213084;7,2672552
30.01.2019 0:00;0,486324;0,8671536;0,4204872;3,0562596;5,3498556;0,1004724;4,0871628;7,302798;13,2071796;8,6659308;1,4422536;12,8554128;7,2365724;16,5138264;12,46995;19,522458;9,4692888;14,0085612;4,7477664;21,580182;6,1738524;12,4286076;5,2108272;3,1379724;2,579202;3,4157376;2,923938;4,1526108;12,08034;2,6375544;6,6908268
31.01.2019 0:00;0,484704;0,8120412;0,4161132;3,002508;5,0848236;0,1099332;4,0049964;6,9549516;12,913344;8,4943728;1,4675256;13,3351596;7,7020632;16,6036716;11,994156;17,9430228;9,5842116;13,5887868;4,926096;21,7512864;6,1996428;12,3463116;4,8215412;3,2837724;2,6712504;3,56724;3,008826;4,2501672;12,9096828;2,5221456;6,5529972
01.02.2019 0:00;0,4985388;0,8535456;0,4279392;3,4693596;5,4980856;0,1077624;4,01355;6,5076696;13,4498232;8,5854492;1,5450588;13,1448096;8,1007128;15,9010776;12,0581136;20,1256488;10,9005912;13,2112296;4,9255128;22,6753668;6,4885212;13,14792;4,5188604;3,4951176;2,958606;3,9032928;3,2532192;4,900176;14,9800752;2,5848396;5,969214
02.02.2019 0:00;0,4739796;0,8121708;0,3962196;3,5429724;5,3329752;0,102384;3,808134;5,6710368;12,8505852;7,8430032;1,5477156;10,7927964;8,3079108;13,6157112;11,1061368;18,9046872;11,0828412;11,2029804;4,4919036;22,09032;6,338736;13,3150068;3,8527164;3,506004;3,019356;4,0321152;3,3492204;4,9138164;15,4587852;2,5051032;5,3755488
03.02.2019 0:00;0,4643892;0,728838;0,3890916;3,276612;4,7204532;0,1033884;3,5971128;4,8567276;11,8675692;7,0033896;1,5636888;7,8168564;8,1877068;10,240182;9,0098892;14,7022128;9,53937;8,8594236;4,1702364;18,2690316;6,0802812;11,9237832;3,639816;3,1896504;2,8824336;3,6794412;2,9512512;4,2360732;14,2087608;2,1818484;4,8103632
04.02.2019 0:00;0,42282;0,6558408;0,376974;2,8679184;4,2681492;0,1020276;3,2877252;3,7959516;10,47006;6,5074428;1,4040864;5,899554;6,792174;7,9570188;7,157808;12,057498;8,1801576;6,6577788;3,762126;14,801292;6,0716628;11,0794392;3,3622128;2,637036;2,431458;3,1413744;2,4066072;3,7407744;11,8287864;1,7865684;4,38372
05.02.2019 0:00;0,3203064;0,5324616;0,3184272;1,8202644;4,1139252;0,0770148;3,6476892;3,3105348;8,42886;6,2323344;1,3164768;4,2681168;5,710662;5,3289576;5,4345492;7,8460164;5,6158596;4,1122404;2,9834568;9,6778476;6,1560324;9,183294;3,965922;1,6339968;1,4990508;1,9028844;1,6339644;2,8380132;6,6135852;1,7033652;4,7272248
06.02.2019 0:00;0,3318408;0,798174;0,4172472;2,1377844;6,140286;0,0821664;5,1696144;5,1300216;11,2689468;8,9833212;1,368738;7,6128336;8,8247232;8,1091692;7,4726712;9,1111392;6,9566364;6,5117844;4,52466;11,55951;9,1145088;13,417164;6,5205;2,2752576;2,3734296;2,8118988;2,9422116;3,7578492;10,32588;3,2243832;7,8309504
07.02.2019 0:00;0,3132432;0,991764;0,4768632;2,3906664;7,1528184;0,0899748;5,635818;6,1099596;12,2030388;10,3597056;1,3847436;8,9006364;12,5404848;9,1143792;8,190234;9,616482;7,6868352;6,99192;5,2794504;11,6098272;10,3260744;15,4036728;7,4600676;2,6837244;2,695518;3,461616;3,4049484;4,54734;9,85041;4,0949388;10,1478744
08.02.2019 0:00;0,5173308;1,1434284;0,532656;2,433888;7,181784;0,1005696;5,3293788;6,550794;11,8833156;11,0662848;1,3911912;7,8753384;17,6960376;9,0647748;8,294562;9,283086;7,6581612;6,4049292;4,947804;10,5681672;10,739304;16,899354;9,447192;2,5752816;2,6300376;3,880224;3,2635872;4,5705384;9,9189684;4,9196484;12,6268308
09.02.2019 0:00;0,6696108;1,251126;0,5823252;2,4701436;7,6731948;0,0930204;5,0368716;7,2896436;11,5729236;12,1149108;1,3928436;7,2246816;26,3741832;9,8195328;9,6058872;9,6730848;7,8706404;6,2963244;5,0327244;10,8644652;11,6265456;17,5315104;12,4943472;2,5070796;2,7176472;4,4013456;3,2332284;4,6439244;9,5763384;5,7622104;15,7712184
10.02.2019 0:00;0,846612;1,2847572;0,6911568;2,4620436;7,9701732;0,0953532;5,3831952;8,6149332;11,460528;12,467844;1,4165604;7,3105092;38,2357584;11,8133964;10,9535652;9,689868;9,381582;6,8575572;5,8406184;12,2439276;15,3051768;21,9374892;17,395074;2,8212624;3,1682988;5,69997;4,4740512;4,7569356;11,3086692;7,9888032;23,261256
11.02.2019 0:00;0,9495144;1,358856;0,7945452;2,5658532;8,2528632;0,1159596;5,0055732;6,7055688;10,2452688;9,8204076;1,4852808;6,02316;45,92052;9,2918016;8,9978688;9,8806068;9,2632248;6,1241832;6,850818;10,3125636;20,0886804;24,7546692;20,3837148;2,6615304;2,7248724;5,5568592;4,0187988;4,6221192;10,4218812;7,9601292;26,1578484
12.02.2019 0:00;0,9266076;1,2503484;0,6747624;2,2737996;6,8927436;0,131058;4,1816088;5,259168;8,3472768;8,8927632;1,4062896;5,398488;47,3752476;7,3021824;7,7543892;8,2863;7,8416424;4,9172508;6,0218964;8,9377992;20,0822328;23,5776096;17,3868768;2,2820616;2,31741;4,181868;3,5354556;3,9851352;9,1324584;5,6775168;18,6532308
13.02.2019 0:00;0,9503244;1,2113064;0,6885972;2,3682456;6,8667264;0,1533816;4,4290152;5,6135268;8,4299616;8,195742;1,4140656;5,390388;50,6074068;8,321292;7,4296116;8,2749276;7,8858684;5,2146504;6,4661652;9,363762;21,4780572;22,5357552;16,2005184;2,203686;2,2514436;4,0761144;3,5894664;3,7932624;9,0284868;5,8003776;18,3789324
14.02.2019 0:00;0,9682092;1,0848816;0,6595992;2,2502124;5,5526796;0,1593432;4,3624332;5,5182384;7,7742828;8,247906;1,3377636;5,1426252;48,1706352;6,8905404;6,8371776;6,6043512;6,639732;4,6575;6,2813232;7,48926;22,5155376;21,162222;14,8264668;2,1071664;2,146662;3,8561184;2,871612;2,591838;8,018838;4,75713;14,4865584
15.02.2019 0:00;1,0369296;1,0178784;0,6594048;2,2113;5,6992572;0,1546128;4,2990588;5,0930532;7,1474724;7,0487496;1,303938;5,0330808;42,4021068;6,811776;6,3312192;6,6027312;6,2836884;4,4214012;5,993514;7,1871948;21,5242272;19,406628;12,6163656;1,890864;1,9142892;3,3124788;2,6037612;2,7133704;8,1823608;4,1372856;12,3593688
16.02.2019 0:00;1,0264968;1,047492;0,6367572;2,3453712;6,1203924;0,15228;3,9940452;4,4926488;6,8219496;6,5726316;1,3119732;4,5892656;39,4775208;6,3986112;6,4972044;7,4925648;7,648506;4,5380412;5,8336524;7,7506308;20,4281676;20,2373316;11,3368572;1,860246;1,878552;3,4111044;3,0735288;3,86208;11,2812588;5,377752;13,3868376
17.02.2019 0:00;1,0671264;0,89667;0,5822604;2,104056;5,6541564;0,1592784;3,6135396;4,3144812;6,2843364;5,534892;1,3269096;4,1148648;37,015218;5,725404;5,8929768;7,202682;7,4090376;4,270158;5,9212944;6,9648336;20,3477832;17,6173056;11,3284008;1,7765244;1,826226;3,3176952;2,931066;3,6924336;9,7824672;5,05683;13,8102732
18.02.2019 0:00;1,0453536;0,7926012;0,5850468;1,9264716;4,8627216;0,1663092;3,2091552;3,6565344;5,9137776;4,8669336;1,3235076;3,610494;27,7948908;4,7427768;4,9003056;6,8053608;7,040034;3,5934516;5,3378676;6,0938568;19,413108;14,5364544;11,9455236;1,7616852;1,82574;3,17196;2,6722224;3,3813936;9,6056928;4,149792;14,4888588
19.02.2019 0:00;1,0315188;0,8446032;0,5686524;1,8104796;4,0924764;0,1673136;2,7944352;3,126762;5,4062964;4,1615856;1,2251088;3,1161996;20,4142032;3,931254;4,0544064;6,0217668;5,9297508;3,0266784;4,2599844;5,3872776;14,7379176;10,7727084;8,0118396;1,5399396;1,5856236;2,718522;2,1799368;2,5551936;8,6567292;3,0340008;9,3034332
20.02.2019 0:00;1,0064736;0,9121896;0,5964192;1,8983808;4,6106172;0,179334;3,08367;3,8887128;5,3936604;5,8228956;1,2832344;3,3008472;22,088376;4,3565688;5,0860872;6,1949448;5,8981608;3,3451056;4,3849188;5,6415204;15,8302512;12,1272876;8,7808212;1,5780096;1,615464;2,794338;2,6224884;2,8306908;8,3302992;3,670434;11,22822
21.02.2019 0:00;1,148904;1,1234052;0,750708;2,4090372;5,8504032;0,2115396;3,959766;4,7820456;5,4544104;4,9219164;1,5164172;4,6855908;34,9435296;5,64489;5,5097172;7,4368044;7,6916304;4,4648496;5,893398;6,1321536;22,2330096;16,1785836;11,1269376;1,9247868;1,945296;3,7860048;3,3738768;3,7316052;9,6682248;4,8641796;14,6217312
22.02.2019 0:00;1,2938616;1,0529676;0,7238808;2,2727628;5,1166404;0,2422548;3,3430968;3,6290592;5,186916;4,9523724;1,5355656;3,800682;29,1464568;4,4837064;4,7837952;6,7860504;7,4953512;3,58101;5,626584;5,5435752;20,9558988;15,2968176;9,7935804;1,8301464;1,8421992;3,44493;3,242106;3,4495956;9,9225;4,9375332;13,9776516
23.02.2019 0:00;1,31301;1,0115604;0,73305;2,4080328;5,64408;0,2476332;3,3611112;3,7324152;5,3457408;5,1411024;1,515024;4,1663484;28,962846;5,1981912;5,0525856;7,19766;7,9593516;3,7970208;5,5375488;6,2328204;20,7996012;16,9598772;9,619074;1,8879156;1,9155528;3,6092628;3,1786992;3,7362384;12,304386;5,8802112;13,760766
24.02.2019 0:00;1,457028;1,0496628;0,811458;2,636226;6,1821468;0,2972376;3,5185104;3,75759;5,6348136;5,079024;1,6037676;4,1687784;26,044578;5,5373544;5,5805436;7,9368984;8,9426916;4,2679872;5,4098928;6,9620472;18,7817616;16,57584;9,6119784;2,1140028;2,1514248;3,8902356;3,477978;4,0680144;11,48823;5,9835024;14,8034304
25.02.2019 0:00;1,0669644;0,8070516;0,66663;1,8102528;4,3259832;0,2419632;2,662632;2,87469;4,6591848;3,619566;1,28223;3,0926772;19,3602636;4,01274;4,0418352;5,8092552;6,6848004;3,1183704;4,065228;5,1094476;15,0841116;13,6350864;9,7616664;1,706184;1,651104;3,0965328;2,6929584;3,030372;8,6214456;4,3601004;13,9467744
26.02.2019 0:00;1,122174;0,80676;0,6377292;1,6643232;4,1720184;0,23652;2,808756;3,0330612;4,4916768;3,7309572;1,3332276;3,1475952;18,1489896;3,8522952;3,8893284;5,5485;6,5971908;2,9887056;3,7862316;4,8748068;13,3687584;12,2244876;7,7978376;1,7361216;1,6045776;3,1042764;2,7178416;2,89575;8,346888;3,7852272;10,96416
27.02.2019 0:00;1,2615264;0,9375264;0,7825896;2,0813436;4,8436056;0,3283092;3,3447492;3,411558;4,8569544;3,8498652;1,4915016;3,8348316;20,6851644;4,6576944;4,3233264;6,5031336;7,7822208;3,5170848;4,4241876;5,4829548;14,438736;13,3819776;8,6322996;1,9618848;1,8220464;3,6102348;3,1408884;3,4112988;9,7893684;4,3464276;12,0453804
28.02.2019 0:00;1,2139956;1,1225952;0,7887132;2,0992284;5,1264252;0,3020976;3,2368248;3,3538536;5,6014416;4,2537312;1,6254756;3,8145168;18,190332;4,8461004;4,7488356;7,3209744;8,5563216;3,7911888;4,2871032;6,6081096;13,6753272;14,7650688;9,840204;2,2933368;2,465316;4,1751612;3,447522;3,8168172;11,6821116;4,7515248;13,7504628
01.03.2019 0:00;1,0634004;0,9091764;0,6304068;1,735668;4,2367536;0,2373624;2,6021088;2,7164808;4,546692;3,6747756;1,2495708;3,2261328;14,7177;3,9655008;3,8207376;6,0079968;7,0516008;3,0903768;3,4161588;5,4563868;10,8798228;11,9451348;7,6527828;1,7801208;1,9495728;3,2478084;2,8002348;3,117528;9,9973764;3,9350448;10,8228636
02.03.2019 0:00;0,942516;0,9204516;0,5711148;1,7202132;4,4939124;0,2403756;2,6763048;2,8739772;4,7882664;3,9548736;1,2058956;3,413016;14,1751944;4,2086304;3,9273012;6,338898;7,4238444;3,2522148;3,3296832;6,0136344;10,4749848;12,9403008;7,2550404;1,7778204;2,0924244;3,3034392;2,75724;3,3053508;12,7628136;4,6551996;10,2109248
03.03.2019 0:00;0,947052;0,8853948;0,59535;1,7007408;3,968514;0,2749464;2,4636312;2,601396;4,303692;3,2543856;1,1248308;3,1529412;13,6490508;3,792096;3,553308;5,7646728;6,60474;3,0157596;3,0625776;5,2114104;9,2648124;11,0180736;6,94818;1,677672;2,0268468;3,0560328;2,6171748;2,9706588;9,6245496;3,978558;9,8807364
04.03.2019 0:00;0,8954064;0,8821548;0,5986224;1,7208936;3,9881484;0,2278368;2,426598;2,77344;4,3904268;3,524148;1,074384;3,0628692;12,4818408;3,8441628;3,8116656;5,9810076;6,5487528;3,0304044;2,8287468;5,5680048;9,0993132;11,6901468;8,9479404;1,6544088;1,8590796;2,930256;2,6124444;2,9719548;9,1078668;3,9812148;12,6897192
05.03.2019 0:00;0,9000396;0,8517312;0,5939244;1,7034948;3,8171736;0,2488644;2,3668848;2,597184;3,9660192;3,1123116;1,1114496;3,0120336;12,920472;3,6558864;3,6934704;5,7753648;6,5472624;2,9623644;3,0422952;5,2698924;9,2520468;10,9658772;7,2414648;1,5409764;1,692252;2,7806328;2,533356;3,0223368;8,7126516;3,5812044;9,5360976
06.03.2019 0:00;0,9035388;0,8178732;0,581256;1,641546;3,6435096;0,2309472;2,2703004;2,4660936;3,8563128;2,9966436;1,083618;2,96784;11,0925288;3,5068788;3,5293644;5,6857788;6,2930844;2,8125792;2,7928152;5,0800608;8,4921372;10,3753872;6,8594688;1,4579676;1,5369588;2,5523748;2,4692688;2,8909548;8,6068008;3,4226388;8,6875416
07.03.2019 0:00;0,867186;0,8006688;0,5401404;1,5917796;3,5744328;0,2259252;2,2306104;2,4890652;3,9220848;3,0409992;1,1027016;3,1132836;10,5917544;3,5465688;3,5922528;5,6509164;6,250446;2,9418552;2,6126064;5,2244028;8,2197828;10,3267548;6,974262;1,4304924;1,5361812;2,579688;2,4161328;2,829006;8,372484;3,3048;8,9317728
08.03.2019 0:00;0,82215;0,7835292;0,5079348;1,5845544;3,8354472;0,2414124;2,3499072;2,6619516;4,2406092;3,662334;1,0592532;3,4375104;10,1405196;3,8980116;3,8958732;6,2605548;6,5193336;3,3087528;2,647566;5,767362;8,2171584;11,097324;6,9581592;1,4027256;1,6057764;2,550528;2,421414;2,9178792;9,6753204;3,671892;9,2317644
09.03.2019 0:00;0,7873848;0,8027748;0,5398488;1,6985052;3,972564;0,2265732;2,3692824;2,7089964;4,6625544;3,7844172;1,0398456;3,25458;10,7469504;4,1124024;4,08483;6,7969044;7,0986132;3,5657172;2,7634932;6,6091464;9,235296;13,2982236;7,060122;1,4410872;1,6306272;2,7260064;2,5362072;3,2146632;12,3230484;4,4365968;9,0998964
10.03.2019 0:00;0,827496;0,7929252;0,544158;1,5884424;3,590568;0,2053512;2,2720824;2,505816;4,343058;3,28374;1,0117548;2,9446416;10,4061024;3,907602;3,7417464;6,0067332;6,2562132;3,2690304;2,4766236;5,624802;7,876278;11,1964356;6,8933592;1,4389164;1,5472944;2,5309584;2,4422472;2,8533708;9,165798;3,7244772;9,2711304
11.03.2019 0:00;0,7905924;0,8070192;0,546264;1,6616664;3,7066572;0,2165616;2,2487868;2,7122364;4,5684972;3,4093224;0,976374;2,9768796;10,6734672;4,1151564;4,0058388;6,1883028;6,5658276;3,3091092;2,6739396;5,90409;8,4903552;11,653794;9,1645992;1,5632028;1,6526916;2,64222;2,5420068;2,8691496;8,7312168;3,805218;12,3966288
12.03.2019 0:00;0,7701156;0,8042328;0,5366736;1,6355844;3,5201304;0,2315952;2,2726008;2,5990956;4,0502916;3,200958;0,9798084;2,976426;10,1681892;3,7209132;3,7092816;5,8657608;6,1797816;3,086748;2,551014;5,4198396;8,0740152;10,4821128;7,3974708;1,4599116;1,5323256;2,4869268;2,451222;2,8196748;8,4326832;3,3007176;8,8293564
13.03.2019 0:00;0,8055288;0,7881624;0,5493096;1,6992828;3,5705448;0,2556036;2,2335264;2,4511572;4,0900464;2,9852064;0,9787068;3,1041144;10,297206;3,7116792;3,7106748;5,8364064;6,1593048;3,0413556;2,6135136;5,3421768;8,110044;10,4280048;7,1947116;1,3762872;1,4464332;2,477142;2,462238;2,8054512;8,4964464;3,2767416;8,36892
14.03.2019 0:00;0,7669404;0,7856352;0,5172012;1,547424;3,49434;0,2163996;2,206764;2,4300324;4,2062328;3,05856;0,9564804;2,9422764;9,0240156;3,5405748;3,5581356;5,6809836;6,0159348;2,9220912;2,4527124;5,2379136;7,528302;10,2517164;7,0451208;1,3777128;1,4761764;2,4554664;2,3948784;2,6644788;8,315136;3,2780052;8,7056532
15.03.2019 0:00;0,7598772;0,8041356;0,5401404;1,6173432;3,7913508;0,2137428;2,2507308;2,5196832;4,8043368;3,4524144;0,9678852;3,085452;9,7889472;3,8862504;3,9585024;6,0206652;6,3958248;3,1387176;2,596212;5,84982;8,2089612;11,3269752;7,1376228;1,4403744;1,5945012;2,6252748;2,4820668;2,8336716;9,5130288;3,5995428;9,1340136
16.03.2019 0:00;0,7453944;0,8542584;0,5596452;1,7111088;4,0594932;0,2187;2,3041908;2,6776656;5,4848664;3,6933084;0,966006;3,3967512;10,6446312;4,3832664;4,5109872;6,8177376;7,1322444;3,7835748;2,8077516;7,278822;9,473922;14,2016976;7,611084;1,4577408;1,6215552;2,7933336;2,5467696;3,2307336;12,5890524;4,4097696;9,451728
17.03.2019 0:00;0,695628;0,783756;0,5479164;1,6204212;3,5220096;0,2094012;2,2096476;2,4523236;4,902444;3,2650452;0,907848;2,9474928;9,9225972;3,8672964;3,760506;6,2115336;6,1702884;3,18897;2,4853392;5,9068764;7,6863816;11,3704236;7,6749444;1,421064;1,5347556;2,4609744;2,3956884;2,839374;9,3266316;3,697002;9,4145328
18.03.2019 0:00;0,6688332;0,8280792;0,56538;1,7064432;3,7193256;0,206712;2,233008;2,6503524;4,9664016;3,4214724;0,9283572;2,8731348;10,4446584;4,035582;4,0622148;6,3735336;6,4778292;3,3212268;2,6093664;6,1128432;8,1059616;11,7415656;9,5423184;1,5256512;1,6399908;2,6065152;2,4751656;2,95083;9,095976;3,8642832;12,7477152
19.03.2019 0:00;0,7317216;0,81405;0,5411124;1,6304328;3,6271152;0,222426;2,206764;2,6109864;4,3939908;3,1476924;0,9095004;2,8231092;9,8090352;3,7725588;3,7016028;6,002424;6,2128296;3,1724784;2,5499124;5,6287872;7,6300056;10,7206092;7,1948736;1,4352552;1,5438276;2,5062048;2,441178;2,8370412;8,6300316;3,416418;9,4264236
20.03.2019 0:00;0,755244;0,7778592;0,5359284;1,6549596;3,5604684;0,2190888;2,2173912;2,6045388;4,2632892;3,1394628;0,9079452;2,8796796;9,2472192;3,8510316;3,83616;6,0679368;6,1396056;3,19383;2,6612064;5,5233576;7,6449096;10,6344252;7,2306756;1,42965;1,5065028;2,5664364;2,42028;2,800818;8,727264;3,3302988;8,904168
21.03.2019 0:00;0,7407612;0,7535268;0,5429916;1,5747048;3,541968;0,2074572;2,1719664;2,5755732;4,2163416;3,1313304;0,9147492;2,9483028;8,7338088;3,9046536;3,8810988;6,0404292;5,9203548;3,1806108;2,601882;5,4641628;7,3161792;10,5308424;7,1141004;1,2715056;1,3561668;2,358558;2,2389696;2,6868348;8,3618568;3,4983252;9,2198088
22.03.2019 0:00;0,7198956;0,7747164;0,5262732;1,59732;3,7249956;0,2022732;2,2298976;2,6915976;4,362984;3,4022592;0,9182484;3,1825224;8,5229496;4,0073292;4,2264504;6,1196148;6,3144684;3,2867208;2,5371792;6,0009012;7,8360696;11,9648988;6,9205752;1,3548708;1,4636052;2,5260336;2,3473152;2,878254;9,5596524;3,8273148;9,1921068
23.03.2019 0:00;0,6987708;0,8285976;0,535086;1,707156;4,0774752;0,20412;2,2574052;2,8304964;4,6956996;3,6006444;0,8933652;3,2121036;9,2529864;4,281822;5,0611392;6,7911372;7,1308836;3,6468144;2,67624;7,468038;9,4540932;15,2359704;7,1973036;1,4177916;1,586952;2,764692;2,457378;3,2133672;12,4948008;4,40964;9,6843276
24.03.2019 0:00;0,6981228;0,7556652;0,5208624;1,5689052;3,4955712;0,2033748;2,119122;2,4370956;4,1580216;3,1211244;0,7996968;2,7149904;8,3020464;3,8027556;3,9458988;6,2285112;6,1872984;3,12093;2,3165028;6,4115388;7,5278484;11,5870824;7,2599976;1,3608;1,4990184;2,4396876;2,3218812;2,805678;9,5855724;3,6380988;9,5573196
25.03.2019 0:00;0,7206732;0,8110692;0,559224;1,6680816;3,7802052;0,2248884;2,1893004;2,6226504;4,40235;3,2872716;0,8325828;2,8399572;9,4043268;4,11885;4,2694128;6,6153348;6,5201436;3,3202548;2,5650432;6,5498544;8,3350944;12,0079908;9,4696128;1,4812956;1,5953436;2,6492832;2,517804;2,9502792;9,242586;3,8019456;12,6738108
26.03.2019 0:00;0,6979932;0,7799004;0,5327856;1,5603516;3,5495172;0,2082348;2,1248244;2,585682;4,0260888;3,0849984;0,8081208;2,8520748;8,8264728;3,8350908;3,9631356;6,2376156;6,2614296;3,1589028;2,4061536;6,0036876;7,978338;11,0265948;7,4626596;1,3895712;1,5147324;2,518938;2,446038;2,835648;8,7267456;3,353724;9,4540284
27.03.2019 0:00;0,7162992;0,7752348;0,5417928;1,584198;3,5640648;0,2038284;2,0963772;2,543724;4,0588776;3,0401892;0,78408;2,833056;8,7536376;3,870018;4,0704444;6,1546068;6,1646184;3,0400596;2,4252696;5,9252148;7,823628;10,792926;6,8748912;1,3929408;1,5039756;2,5522128;2,403108;2,7969948;8,6917536;3,2700348;8,9589564
28.03.2019 0:00;0,7128;0,77031;0,5174604;1,5724044;3,5322156;0,2164644;2,0579508;2,4864408;4,0997988;3,0545748;0,7635708;2,9848176;8,4162888;4,1595768;4,2126804;6,124734;6,1288812;3,076056;2,4033996;5,9601096;7,4922084;10,786284;6,7669992;1,373436;1,498338;2,5700652;2,3360076;2,7740556;8,5739796;3,2637816;9,0863532
01.01.2020 0:00;0,334368;0,6163452;0,3362472;1,455084;2,73456;0,07857;2,2245516;3,085776;4,4581104;2,920698;0,7639272;2,7133704;5,6948184;3,8105964;3,4262676;5,8053996;4,31001;2,8713528;1,6232724;5,1886332;4,642272;7,6388184;4,633038;1,366146;1,2757176;1,81278;1,9306188;2,1818808;7,1138088;2,480868;6,3187776
02.01.2020 0:00;0,5217048;0,603288;0,4047732;1,8628704;3,2088312;0,1089612;2,8127088;4,1156424;5,645538;3,5558676;1,2216096;3,3897528;6,7209912;4,9632264;4,5954864;7,3932588;4,9757976;3,7754748;2,1629592;5,8616784;5,3414964;7,624854;4,667544;1,8938448;1,575288;2,2342392;2,1159468;2,5346844;6,4742652;2,2763592;6,4661976
03.01.2020 0:00;0,6216912;0,8813448;0,5467824;2,4285744;4,435074;0,1350432;3,4980012;5,0127012;7,5195864;4,8850776;1,466262;4,2279408;8,7907356;6,4538208;5,9138748;9,8134416;7,1174052;4,7684376;2,8488024;8,4709476;7,6059648;12,50397;7,052022;2,3928372;2,1288744;3,0241512;2,923452;3,5687304;13,547088;3,9827376;8,910162
04.01.2020 0:00;0,7599744;1,0468764;0,6486804;2,7950832;4,8624624;0,1562328;4,0303656;5,8871448;8,6584788;5,3150256;1,5672852;4,7417076;9,422568;7,1975952;6,772248;11,0449332;8,066466;5,44158;3,1918536;9,3773052;8,3184084;13,3092072;7,678476;2,6530416;2,4236496;3,3927336;3,2263272;4,0507452;13,4632692;4,2808176;10,5149664
05.01.2020 0:00;0,6738552;0,8417196;0,6155352;2,4331752;4,10832;0,1602504;3,7732068;5,6936196;8,4831948;5,176386;1,4645448;4,5753984;8,91243;6,9910128;6,5516364;9,6433416;6,9625008;5,3293788;2,9358288;8,4861432;7,7609016;12,1633488;9,5546952;2,512782;2,2426632;3,3216804;2,62197;2,6923428;10,2613716;3,9433392;13,858452
06.01.2020 0:00;0,7419276;0,8759016;0,6217884;2,5274268;4,2229512;0,1738584;4,0216824;6,152274;8,5962384;5,2315956;1,546938;4,8079656;8,575794;7,4867976;6,8562936;10,239858;6,9784416;5,7278988;3,021138;8,7006636;7,6636692;12,0145356;8,2661472;2,5791048;2,2559796;3,2469336;2,5820856;2,9281176;9,3766572;3,4734096;11,5080588
07.01.2020 0:00;0,8299584;1,0028124;0,6681204;2,8954584;4,5711864;0,1848744;4,23468;6,6383712;9,2083716;5,5923696;1,653048;5,198094;8,7505596;8,1914328;7,36371;10,8583416;7,0728876;6,272154;3,171636;9,290052;7,5275244;11,9370672;7,5110652;2,749302;2,3592384;3,339306;2,9949588;3,2158296;10,6234416;3,6486288;10,6967952
08.01.2020 0:00;0,9346428;1,1674044;0,7383312;3,3047352;5,3377704;0,194724;4,6110708;7,7164488;10,4570352;6,4880676;1,73097;6,0810912;9,2577168;9,5755932;8,4624912;12,6957456;8,1443232;7,4700144;3,5300124;10,8023544;8,0195508;13,056552;7,9364124;3,0808836;2,6548236;3,7614456;3,363444;4,1040756;11,7528084;4,0680792;11,1843828
09.01.2020 0:00;1,0247796;1,1673072;0,7325316;3,549258;5,7749436;0,2265732;5,3747064;9,6305436;13,1311692;7,9302564;1,8949464;7,6217436;9,793062;12,3201;10,4741748;15,7450392;8,933652;9,8201484;4,1578596;13,071132;8,4476844;13,977036;8,2719792;3,4465176;2,8639656;4,083534;3,5765388;4,6021932;13,0880124;4,1773644;11,482722
10.01.2020 0:00;0,7557624;0,9728748;0,5951232;2,7794988;4,8126636;0,1598616;4,1009004;6,9428988;8,9865936;6,4061928;1,3910616;6,116472;8,5661712;9,1885104;7,8640308;12,0763548;7,9361532;7,1738784;3,2415552;9,9784548;7,74522;12,8421288;7,6930236;2,7061452;2,354832;3,4754184;3,1266648;3,8820708;12,0137904;4,1529024;10,8355644
11.01.2020 0:00;0,6754104;0,9905004;0,5932764;2,8081728;5,0776308;0,1426248;4,1308056;7,0941744;9,8984916;6,7963536;1,2918528;7,7123664;8,6559516;10,7071632;8,5350672;13,049586;7,8720012;8,6761044;3,4352748;11,477376;8,3571588;14,0442336;7,4344392;2,7125928;2,3849316;3,535326;3,1267296;3,8944476;14,5050588;4,458564;10,1361456
12.01.2020 0:00;0,717984;0,9963324;0,6188076;2,9043684;5,1131088;0,1601856;4,2146568;7,6375548;10,20357;6,5628468;1,3167684;7,7613228;7,9144128;11,0157084;8,930088;12,8009808;7,4652192;9,4748292;3,4398108;11,8535724;6,9340536;11,8672452;7,02675;2,7421092;2,319192;3,2401944;3,1110804;3,8315592;11,65509;3,6547848;10,0215468
13.01.2020 0:00;0,7185024;0,9803916;0,6133968;2,9593512;5,1066612;0,1542888;4,36914;7,7852016;10,789524;6,823926;1,3549032;7,6726116;7,770006;11,408364;9,3470436;13,7019276;7,246584;9,6317424;3,4653096;12,1067136;6,8484528;11,5889292;8,2559088;2,6784756;2,2668984;3,1503492;2,8601748;3,7230192;10,2187656;3,4784964;12,1507776
14.01.2020 0:00;0,713772;0,9667512;0,567;2,999916;5,0595516;0,1437588;4,4842572;7,96878;11,6664624;7,2084168;1,3527324;8,340408;7,4086488;12,4906536;9,8732196;15,2765676;7,3777392;10,9206792;3,5831808;13,8047652;6,5194632;11,098782;6,69384;2,6744904;2,2221216;3,0800412;2,8748844;3,614058;10,3919436;2,9701728;8,9322588
15.01.2020 0:00;0,6616728;0,9267048;0,5417928;2,9457756;5,2257312;0,1340712;4,6014156;8,175168;12,4566012;7,6461084;1,3975092;9,7445916;7,267806;14,5775052;10,772838;17,4832668;8,048484;12,8703492;4,0202892;17,0135316;6,608466;11,5315812;6,483078;2,8646784;2,338794;3,2162184;2,8850904;3,7907676;10,9822392;2,951478;8,52363
16.01.2020 0:00;0,6495228;0,835596;0,5188212;2,796606;5,234382;0,1347516;4,7853828;8,436474;12,7674144;7,824276;1,4919552;12,7523808;7,433046;16,5156084;11,2444848;18,3468888;8,4083508;14,8989132;4,4145324;17,3878164;6,5939832;11,7235836;6,419574;3,0825684;2,4772716;3,4069896;2,8788048;3,7480968;11,0797632;2,9642436;8,6327856
17.01.2020 0:00;0,6068196;0,8852976;0,5342112;3,189132;5,7996;0,1280124;4,9592088;8,9275932;13,7998404;8,3617596;1,5655032;15,2054172;7,479702;18,8129952;12,7629108;20,3052744;8,8294212;16,7200524;4,8814812;19,0643868;6,7141872;12,5672472;6,0462936;3,2713308;2,5883388;3,4408152;2,845368;4,1851728;11,8211724;2,9271132;7,9102656
18.01.2020 0:00;0,6157944;0,9479268;0,5009364;3,4474248;5,8660848;0,121014;5,0758812;9,102294;15,1861716;9,0153;1,6594956;15,2421588;7,7848776;20,1718188;13,3756596;20,479068;9,4269744;18,2869812;5,531328;22,6228464;7,2268848;13,9817988;5,728968;3,4301556;2,6666496;3,5546364;3,0215268;4,4585316;13,868982;3,2241888;7,295508
19.01.2020 0:00;0,6110316;0,9186372;0,4873284;3,5977284;6,1800732;0,12474;5,076432;8,3073924;15,1843572;8,6160348;1,8673092;17,443674;7,810182;19,694178;13,8055428;21,6164052;10,4189976;18,3504204;5,5994976;23,948784;6,7973256;13,344588;5,6163456;3,484134;2,745252;3,7115172;3,1127328;4,8482064;13,3080084;2,8323432;7,67637
20.01.2020 0:00;0,6168636;0,9528192;0,4734936;3,882816;6,541398;0,1138536;5,1696468;8,4693276;15,9832116;9,133074;2,0476476;17,7491088;7,8534684;21,4077492;14,5118628;23,2148916;11,0196936;16,788708;5,6307312;24,6342708;6,7844304;13,7214;5,3363772;3,7176408;2,9704968;3,9194928;3,2804352;5,2192512;14,4441144;2,769714;7,0203348
21.01.2020 0:00;0,6561;1,040526;0,5147064;4,6546488;7,254036;0,12231;5,6240244;8,9147628;18,1455552;10,562724;2,2997844;17,4029472;9,4719456;22,6545336;16,0445772;26,102736;13,4389368;17,7202404;6,1703532;28,7475156;7,7281128;15,8278536;5,2280964;4,4042292;3,5284896;4,796658;3,8949012;6,1353612;17,3685708;3,0176712;7,075512
22.01.2020 0:00;0,5974884;0,9369756;0,4708368;4,27761;6,2454564;0,1217916;4,7445912;6,7985568;15,36408;8,7485184;2,102274;12,7985832;8,9956008;16,7899716;12,0862368;20,7484092;12,1738464;14,1432804;5,4296892;24,8804136;6,9117624;14,5011384;4,3067052;4,047894;3,404754;4,5895248;3,6916236;5,6046492;17,404956;2,747358;5,9024376
23.01.2020 0:00;0,5565996;0,828954;0,4431672;4,1546196;5,6884356;0,1237032;4,2931296;5,7309768;14,3529084;7,9235172;2,0318688;9,8466516;8,4489804;13,1638932;8,8874172;17,8848972;11,5591536;11,2990788;4,8150936;21,8784564;6,5742516;13,420242;3,7339704;3,761802;3,296214;4,2315372;3,454326;5,2577424;17,591256;2,4186924;4,8391992
24.01.2020 0:00;0,4720032;0,7405668;0,4237596;3,3891372;4,6002168;0,1136268;3,60612;4,3353468;11,95722;6,7352472;1,7985888;6,8635188;6,7015836;9,278388;5,1431112;14,4606384;9,627984;8,06112;4,01841;17,378874;6,2030772;11,781936;2,867886;3,0531168;2,695356;3,5859672;2,7094824;4,3726716;13,7143368;1,8603108;3,7162152
25.01.2020 0:00;0,386208;0,5159052;0,3437964;1,9136736;2,6904312;0,083106;2,3660424;2,7898992;7,1458848;4,3753608;1,1643264;3,2700348;4,3383276;4,4412624;1,977858;7,0766784;4,7286828;3,6436068;1,8726876;8,5986036;3,3996024;6,4852164;1,9504476;1,644138;1,5903864;1,9619172;1,697598;2,1898836;6,5974824;1,258092;2,5494264
26.01.2020 0:00;0,3545208;0,5334984;0,3763908;1,6270632;2,60496;0,0847584;2,2692312;3,2355612;6,5735064;4,347756;0,7449732;2,7252612;6,8269392;3,6688464;1,1188044;4,9392504;4,14315;2,6978508;1,6200324;6,4635408;3,7441116;7,2445104;3,6312948;1,5992964;1,9659348;2,3033484;2,3754708;1,931364;5,5686204;2,2196916;5,0771772
27.01.2020 0:00;0,4057776;0,5844636;0,4207788;1,50093;2,5980912;0,0795096;2,310606;3,3303636;5,9879412;4,246344;0,553716;2,3005944;11,1046464;3,0591432;0,821826;3,7753776;3,4797276;2,093526;1,667142;4,522392;4,642272;8,7980904;5,2192188;1,6546032;2,0247408;2,7710424;2,2049172;1,75446;4,6316772;2,5123608;6,3441792
28.01.2020 0:00;0,4652964;0,6085044;0,4345488;1,2153564;2,200284;0,0904608;2,1206772;2,94435;4,8853692;3,905982;0,4221396;2,065824;12,3841224;2,5640064;0,6886296;2,9090988;2,883114;1,6958484;1,6316964;3,1537512;4,7847348;8,5068468;5,8599612;1,4734548;1,6650684;2,6891676;1,715256;1,3957596;3,7338732;2,1041856;6,0128568
29.01.2020 0:00;0,4874256;0,5119848;0,4071708;0,9247608;1,9702764;0,0840456;1,9057032;2,4701436;4,0571604;3,2601528;0,3760344;1,9462032;13,50513;2,2755168;0,594378;2,32632;2,3394744;1,4554728;1,6458228;2,3591088;4,300776;6,3287892;5,2701516;1,2144816;1,3248684;2,290842;1,2496356;1,0917504;3,0615408;1,9008432;5,71374
30.01.2020 0:00;0,4774788;0,4383072;0,3598668;0,8192664;1,8128124;0,086508;1,8062028;2,2497264;3,5312112;3,0401892;0,3565944;1,937682;12,8552508;2,1199644;0,5321052;2,1089808;2,2024548;1,3403232;1,809864;2,0062404;4,0356792;5,440932;5,1093828;1,1478024;1,217592;2,2933368;1,2665484;1,1480616;3,0906036;2,1789972;6,1088256
31.01.2020 0:00;0,3822228;0,4003668;0,3451572;0,7488288;1,56006;0,0711828;1,5939828;1,9017828;2,9217348;2,1025332;0,3530952;1,75608;11,4474708;1,84437;0,4631256;1,8518544;1,928286;1,1282004;1,7731224;1,6956216;3,6726372;4,7098908;4,8856608;0,985284;0,961794;1,9110816;1,0541988;1,0263024;2,729538;1,8968256;5,842692
01.02.2020 0:00;0,2912112;0,280422;0,2624724;0,5803164;1,2284136;0,0631152;1,1363328;1,4393376;2,3435892;1,8194544;0,2902716;1,5003792;8,0965008;1,3604436;0,3959928;1,4735196;1,5146352;0,8054316;1,26036;1,4804532;2,587302;3,6595476;4,1366376;0,7737444;0,7870608;1,5366996;0,837054;0,840942;2,2675788;1,636038;5,5477224
02.02.2020 0:00;0,245754;0,2746224;0,2551176;0,6482916;1,2850488;0,0758808;1,3354956;1,6208748;2,5621272;1,898154;0,3142152;1,5679008;9,9282996;1,5090948;0,5168772;1,6780608;1,603476;0,8957952;1,465938;1,6905996;2,730834;4,2135552;4,9727844;0,7864128;0,8296344;1,537218;0,8460288;0,9306252;2,418174;1,6007544;6,0695244
03.02.2020 0:00;0,226152;0,2624724;0,2476008;0,5765256;1,0170684;0,0698544;1,0293156;1,0939212;2,129166;1,5794676;0,2950668;1,1959164;7,8096312;1,1097;0,3991032;1,3002444;1,3525056;0,642654;1,111968;1,350432;2,1558636;3,826278;4,5668448;0,605232;0,5677776;1,163484;0,6954336;0,799956;2,1420936;1,409886;5,6135268
04.02.2020 0:00;0,1998432;0,1843884;0,1766772;0,4311144;0,7371972;0,0504144;0,7543368;0,8126892;1,5484284;1,1489688;0,1975104;0,8358552;5,1335532;0,7994052;0,3710124;1,0557864;1,0734444;0,4514292;0,7083936;1,0900008;1,2755232;2,6601696;3,224124;0,4444632;0,4123548;0,8279496;0,5654124;0,6334848;1,7548164;0,9526248;3,4369272
05.02.2020 0:00;0,1406808;0,1624212;0,1420416;0,3916188;0,7092684;0,0427356;0,6759288;0,7751052;1,4039568;1,1376936;0,1809216;0,782298;5,35167;0,7906572;0,3751596;0,9946152;1,0145088;0,4207464;0,64638;1,0244232;0,9958464;2,4722172;3,3622452;0,3618756;0,356562;0,7412472;0,5319756;0,6028668;1,63539;0,8598636;2,8830816
06.02.2020 0:00;0,1275264;0,1513728;0,1384128;0,3756456;0,6863292;0,037746;0,6989004;0,8460612;1,3652388;1,3745376;0,1903824;0,8304444;7,43013;0,8803728;0,407106;0,9580032;0,9782532;0,4447548;0,685746;0,942678;0,9017244;2,5147584;3,721788;0,3119796;0,3334284;0,7088472;0,4807188;0,5339196;1,5106824;0,7269588;2,4901668
07.02.2020 0:00;0,109026;0,141264;0,1347192;0,3514104;0,6587568;0,0431568;0,7195392;0,8454132;1,3474188;1,2276684;0,1707804;0,9259596;9,564966;0,9759528;0,385074;0,970866;1,0339164;0,4495824;0,7427376;0,9753696;0,8120088;2,5724628;3,9593124;0,2799036;0,3095172;0,7075836;0,4927068;0,553878;1,5764868;0,7871256;2,5874316
08.02.2020 0:00;0,0938952;0,1357236;0,1413288;0,3338172;0,5843016;0,0414396;0,7452648;0,7762068;1,319652;1,1594016;0,1586952;0,8582436;12,811284;1,1021508;0,3931092;0,9758556;1,0880892;0,4700268;0,8606412;0,9824652;0,8702316;3,114774;4,873284;0,2553768;0,291438;0,6926796;0,4755672;0,5319108;1,6328304;0,756054;2,889918
09.02.2020 0:00;0,078246;0,1479708;0,1405836;0,3292812;0,5487588;0,0511596;0,7882596;0,7318836;1,3121676;1,1784852;0,1820232;0,7629552;14,024016;1,1204892;0,4093092;0,9991512;1,2457152;0,4421952;0,8914212;1,0342404;0,952398;2,8728432;5,4913788;0,2620512;0,308448;0,7606548;0,5579604;0,6164424;1,6147188;0,9821736;4,0553784
10.02.2020 0:00;0,0695304;0,1571724;0,1682208;0,3486564;0,547884;0,0512244;0,8432424;0,7590672;1,270566;0,9834696;0,2255364;0,8033256;10,513962;1,196694;0,4579092;1,0624284;1,36647;0,44631;0,8407476;0,9918288;1,0683576;2,3652324;4,5541116;0,2820744;0,33615;0,83511;0,6610572;0,690282;1,6811388;1,0275984;4,224798
11.02.2020 0:00;0,06723;0,1425924;0,1435968;0,3236112;0,4784508;0,0465588;0,7245936;0,6833808;1,0422432;0,7618536;0,1627452;0,6966972;6,058314;1,029024;0,3664116;1,0328472;1,129302;0,3703644;0,623862;0,8643672;1,005048;1,7039808;2,6944164;0,2419308;0,297108;0,6821496;0,5884488;0,5920776;1,5491412;0,7407612;2,5855524
12.02.2020 0:00;0,0557604;0,1541268;0,14418;0,3239028;0,484542;0,0430272;0,7563132;0,679104;0,996786;0,7128972;0,1374732;0,713772;5,871366;1,0102968;0,3969;1,0471356;1,0930788;0,3684204;0,6271668;0,8400348;1,1856456;1,6060356;2,1664908;0,2092392;0,302292;0,6819228;0,5518368;0,561006;1,4977224;0,7132212;2,1970764
13.02.2020 0:00;0,0509976;0,1590516;0,1531872;0,344574;0,5113368;0,0480168;0,7490232;0,7033068;0,996624;0,6956928;0,1328724;0,7138368;5,5947348;0,993222;0,4191912;1,0428264;1,10403;0,3881196;0,6364008;0,868806;1,6137144;1,8116136;2,1266388;0,2367468;0,300186;0,6707124;0,5694948;1,40697;1,6337052;0,7271856;2,143908
14.02.2020 0:00;0,0537192;0,1609956;0,1332612;0,3498876;0,5317488;0,0472068;0,768204;0,7104672;1,0122084;0,6957252;0,1215;0,720414;5,33628;0,9460152;0,3964464;1,0337544;1,1124864;0,4704156;0,6696756;0,8725968;1,9686564;1,9330164;1,9243656;0,2128356;0,3048516;0,651564;0,5581548;2,1598812;1,5167088;0,6622236;1,754298
15.02.2020 0:00;0,0532656;0,1669248;0,1270404;0,3616488;0,5412096;0,046008;0,75006;0,7347996;0,968598;0,7120548;0,1243188;0,6943968;5,5404324;0,9040896;0,3752892;0,9964296;0,9801324;0,5096196;0,709884;0,825552;2,3318928;1,934766;1,6889148;0,2063232;0,2746548;0,5138964;0,4767012;0,5102352;1,382022;0,5415012;1,539648
16.02.2020 0:00;0,0524232;0,1645272;0,1298268;0,3728916;0,5696568;0,0538812;0,7613028;0,8073432;0,9858672;0,6652044;0,1283688;0,6832512;6,3714276;0,85779;0,3754836;1,0486584;1,0468116;0,53055;0,7862832;0,8522496;2,5998084;1,9337616;1,5252624;0,2043792;0,26487;0,5274396;0,4987008;0,59535;1,3906728;0,67878;2,0478096
17.02.2020 0:00;0,0589356;0,18711;0,1282392;0,4009176;0,770472;0,057186;0,8450892;1,0078992;1,093014;0,7534944;0,131382;0,7277364;5,9255388;0,9484452;0,3639492;1,1439792;1,2603924;0,613818;0,8333604;0,9298476;3,4503408;2,6024004;1,8123588;0,2252448;0,3303828;0,594702;0,6512724;1,0584432;1,7006436;0,846936;2,6313336
18.02.2020 0:00;0,0538812;0,2177604;0,1377;0,4609872;0,90396;0,0499932;0,90882;1,3573656;1,1679228;0,8709768;0,1265868;0,9100512;7,2788868;1,182438;0,3800196;1,2836556;1,494612;0,8758044;1,0722132;1,058994;4,7708028;3,3788664;1,9827828;0,2433564;0,3621996;0,7298424;0,7466256;0,7496712;1,81845;0,8972532;2,1994092
19.02.2020 0:00;0,0520992;0,2285172;0,1483596;0,49167;0,9469224;0,05346;1,012662;1,636038;1,2636324;0,9615996;0,1451196;1,0511532;8,8989192;1,3325148;0,376974;1,3944636;1,6507152;1,117638;1,3595364;1,1713572;5,7648024;3,9358872;2,1216492;0,2235924;0,3541644;0,8593452;0,7780212;0,8414604;1,8885636;0,9774432;2,1466944
20.02.2020 0:00;0,0606204;0,2155248;0,161514;0,5306472;0,9924768;0,0606852;1,0054044;1,6355844;1,301832;1,0184616;0,1803384;1,111806;10,156266;1,4151996;0,40338;1,4266368;1,7367048;1,2569904;1,5624576;1,3316724;7,128486;4,6196244;2,2349844;0,225018;0,4010472;0,8754156;0,7981416;0,881442;2,1067776;0,9939996;2,1308184
21.02.2020 0:00;0,0599724;0,2124792;0,1607364;0,517752;0,9738792;0,0601668;1,053972;1,8677304;1,346058;1,3315104;0,1740204;1,2327876;10,8186192;1,5088356;0,4404132;1,5253272;1,8823752;1,2847572;1,6356492;1,5269796;7,695;5,805918;2,3656536;0,209304;0,4160808;0,8390952;0,7741008;0,942354;2,2053384;1,0038492;1,9199268
22.02.2020 0:00;0,064638;0,2332152;0,1789776;0,5812236;1,1456316;0,0671004;1,2324636;2,0335212;1,5063084;1,407132;0,2146176;1,6257672;13,465926;1,9252404;0,4477032;1,9426392;2,106972;1,654668;2,0295036;1,9393992;8,684172;6,6983112;2,494314;0,197964;0,3947292;0,771768;0,843048;1,1327688;2,383668;1,0901952;1,9823292
23.02.2020 0:00;0,0671652;0,2383344;0,2042496;0,643302;1,2846924;0,0627912;1,3345236;1,9584828;1,658232;1,5259428;0,23652;1,6604028;15,1448616;1,9638936;0,3984228;2,0348172;2,1504204;1,6422264;2,2045284;1,8904428;10,7118612;7,2215064;2,7801144;0,1997784;0,4844772;0,9441684;0,8891532;1,1509776;2,3199048;1,1109312;2,1708324
24.02.2020 0:00;0,073386;0,2513268;0,214326;0,7240752;1,505466;0,0726408;1,5710436;2,1523968;1,8695448;1,792368;0,2556684;1,8269064;14,8232916;2,000376;0,3908088;2,1215196;2,1755952;1,5775884;2,1062916;2,1661668;9,7167924;7,2494028;3,1474656;0,2092068;0,5010984;0,9840204;0,9801972;1,2181104;2,446038;1,2602628;2,7277236
25.02.2020 0:00;0,0777924;0,2757564;0,2568348;0,8281764;1,6525944;0,0794772;1,8114516;2,4358968;2,0610612;1,9181772;0,2945808;2,2053708;17,2324584;2,3422932;0,39609;2,2826772;2,4170076;1,7584776;2,371032;2,4467832;10,7882604;7,7757732;3,2241564;0,2299104;0,5289624;1,1622204;1,1642616;1,3782312;2,6480196;1,3385088;2,2782708
26.02.2020 0:00;0,084888;0,3226392;0,2831436;0,9281628;1,8828288;0,0755568;1,9628568;2,4519024;2,1781224;1,9383948;0,309258;2,1739428;16,7854032;2,3379516;0,402246;2,3858388;2,6100792;1,765152;2,382858;2,5361748;11,0112372;7,9099416;3,1833648;0,2474712;0,5546232;1,2379068;1,2557916;1,4101128;2,7662148;1,3623228;2,2356
27.02.2020 0:00;0,0927936;0,3170664;0,2863836;0,8763552;1,82817;0,1026432;1,9294524;2,4592248;2,1897216;1,8528912;0,319302;2,1664908;15,6165408;2,2291848;0,3816072;2,3193216;2,514726;1,7792136;2,3187708;2,4887088;10,4608908;7,3947816;3,1077108;0,2905632;0,5438664;1,1730096;1,2536208;1,354158;2,7794988;1,3140468;2,1888144
28.02.2020 0:00;0,0912708;0,3203712;0,2657772;0,830088;1,8552888;0,1040688;1,9771452;2,5852284;2,2038156;2,0578536;0,3075408;2,2940496;15,4785492;2,3404788;0,3696192;2,1938364;2,5329672;1,7383248;2,29878;2,5812432;10,0084896;7,0050744;2,9643408;0,2827872;0,536706;1,1257056;1,2428316;1,2684276;2,835324;1,3488444;2,0493648
29.02.2020 0:00;0,097524;0,3649212;0,320598;0,928584;2,1341556;0,11583;1,9911744;2,347218;2,3662692;1,809864;0,3431808;2,2900644;17,237772;2,4154524;0,3853656;2,50938;2,7092556;1,9591956;2,512782;2,8575828;12,0535452;7,9603236;3,265596;0,275076;0,487944;1,1039976;1,327266;1,4116356;3,2520528;1,459134;1,9756548
01.03.2020 0:00;0,108216;0,3827736;0,2962332;0,8744112;2,2026492;0,113076;1,9010376;2,490426;2,4591276;2,1590064;0,3584412;2,1381732;15,43374;2,1744612;0,3720492;2,522826;2,8623456;1,8143676;2,2418856;2,7927504;10,669968;7,2718236;3,1574124;0,3062124;0,555498;1,1520792;1,3217256;1,5132744;2,920698;1,4518764;2,1156228
02.03.2020 0:00;0,1207224;0,3838104;0,3397464;0,9508428;2,4774012;0,1238976;2,1952944;2,6677836;2,5293708;2,0784276;0,4384368;2,4554988;17,4717648;2,5955964;0,3877956;2,7717552;3,1145148;2,0342016;2,519262;3,0143664;11,5895772;8,2929744;4,0390488;0,3166452;0,5668704;1,2547548;1,3989996;1,6616664;3,2570748;1,6247952;2,9654424
03.03.2020 0:00;0,1277208;0,3529332;0,3310308;0,9515556;2,4801876;0,1093824;1,9572516;2,2237092;2,319354;1,8639072;0,3915864;2,1960072;14,2035768;2,3448528;0,3766176;2,8086912;3,1779216;1,9452636;2,3723928;2,9277612;11,6177328;8,0918676;3,4119792;0,323352;0,561168;1,2459744;1,32759;1,554714;3,2219208;1,4857668;2,0580804
